Longitude,Latitude,1986,1987,1988,1989,1990,1991,1992,1993,1994,1995,1996,1997,1998,1999,2000,2001,2002,2003,2004,2005,2006,2007,2008,2009,2010,2011
61.555,36.5,0.0,0.0,0.0,0.0,0.0,0.0,0.0,0.0,0.0,0.0,0.0,0.0,0.0,0.0,5.2883008819679995,0.0,0.0,0.0,0.0,0.0,0.0,0.0,0.0,0.0,0.0,0.0
61.621,40.293,0.0,1.74390672996,0.0,0.0,0.0,0.0,0.0,0.0,0.0,0.0,0.0,0.0,0.0,0.0,0.0,0.0,0.0,0.0,0.0,0.0,0.0,0.0,0.0,0.0,0.0,0.0
53.641,39.496,0.0,0.0,0.0,0.0,0.0,0.0,0.0,0.0,0.0,0.0,0.0,0.0,0.0,0.0,0.0,0.0,0.0,0.0,0.0,0.0,0.0,0.0,0.0,32.118744582288,0.0,0.0
54.179,37.636,0.0,0.0,,0.0,0.0,0.0,0.0,0.0,0.0,0.0,0.0,0.0,0.0,0.0,0.0,0.0,0.0,0.0,0.0,0.0,0.0,0.0,0.0,0.0,0.0,0.0
54.213,38.52,0.0,0.0,0.0,0.0,0.0,0.0,0.0,0.0,0.0,0.0,0.0,0.0,0.0,17.18559726048,0.0,0.0,0.0,0.0,0.0,0.0,0.0,0.0,0.0,0.0,0.0,0.0
63.451,37.88,0.0,0.0,0.0,4.676164142207999,0.0,0.0,0.0,0.0,0.0,0.0,0.0,0.0,0.0,0.0,0.0,0.0,0.0,0.0,0.0,0.0,0.0,0.0,0.0,0.0,0.0,0.0
61.31,40.791,0.0,0.0,0.0,0.0,0.0,0.0,0.0,0.0,0.0,0.0,0.0,0.0,0.0,8.00626464,0.0,0.0,0.0,0.0,0.0,0.0,0.0,0.0,0.0,0.0,0.0,0.0
53.744,39.473,0.0,1.6705022612399998,0.0,0.0,0.0,0.0,12.684666545279999,2.375111249952,11.193234524999998,3.6374968007999993,48.353588666,32.220064916221325,30.24854205984001,52.76830891634743,6.47090554896,43.610693921603996,0.0,0.0,0.0,0.0,0.0,0.0,0.0,0.0,0.0,0.0
54.451,38.965,0.0,0.0,0.0,0.0,0.0,0.0,0.0,0.0,27.12389704128,0.0,0.0,0.0,0.0,0.0,0.0,0.0,0.0,0.0,0.0,0.0,0.0,0.0,0.0,0.0,0.0,0.0
62.806,38.07,0.0,0.0,0.0,0.0,0.0,0.0,0.0,0.0,6.902609279999999,0.0,0.0,0.0,0.0,0.0,0.0,0.0,0.0,0.0,0.0,0.0,0.0,0.0,0.0,0.0,0.0,0.0
61.564,36.431,0.0,0.0,7.646356919916,0.0,,0.0,0.0,0.0,0.0,0.0,0.0,0.0,0.0,0.0,0.0,0.0,0.0,0.0,0.0,0.0,0.0,0.0,0.0,0.0,0.0,0.0
63.111,38.74,0.0,0.0,0.0,0.0,0.0,0.0,0.0,0.0,0.0,0.0,1.4501779199999998,0.0,0.0,0.0,0.0,0.0,0.0,0.0,0.0,0.0,0.0,0.0,0.0,0.0,0.0,0.0
53.836,39.385,0.0,0.0,0.0,0.0,0.0,0.0,0.0,0.0,0.0,0.0,0.0,0.0,0.0,0.0,0.0,0.0,0.0,0.0,0.0,0.0,0.0,0.0,0.0,12.519731132799999,14.844189205171197,0.0
54.247,39.372,0.0,0.0,0.0,0.0,0.0,0.0,,0.0,0.0,0.0,0.0,0.0,0.0,0.0,0.0,0.0,0.0,0.0,0.0,0.0,0.0,0.0,0.0,0.0,0.0,0.0
59.495,39.57,0.0,0.0,,0.0,0.0,0.0,0.0,0.0,0.0,0.0,0.0,0.0,0.0,0.0,0.0,0.0,0.0,0.0,0.0,0.0,0.0,0.0,0.0,0.0,0.0,0.0
53.828,39.396,0.0,0.0,0.0,0.0,0.0,0.0,0.0,0.0,0.0,0.0,0.0,0.0,19.022106657632,0.0,0.0,0.0,0.0,0.0,0.0,0.0,0.0,0.0,0.0,0.0,0.0,0.0
54.621,37.853,0.0,0.0,0.0,0.0,0.0,0.0,,0.0,,0.0,0.0,0.0,0.0,0.0,0.0,0.0,0.0,0.0,0.0,0.0,0.0,0.0,0.0,0.0,0.0,0.0
62.738,38.585,0.0,0.0,0.0,0.0,0.0,0.0,0.0,0.0,0.0,0.0,0.0,0.0,0.0,6.971562,0.0,0.0,0.0,0.0,0.0,0.0,0.0,0.0,0.0,0.0,0.0,0.0
61.29,40.8,38.45097910468,20.75894364409714,26.178633749519996,24.755511139919996,18.229441007231994,14.199158770424999,23.116874036418,29.149056489705593,29.759540042584,10.602266315003998,12.602764433639997,2.8757810728799997,0.9846309820079998,5.894266987908,15.245623454169596,9.067916921359998,30.2986266619,0.0,0.0,0.0,0.0,0.0,0.0,0.0,14.718925440000001,0.0
54.198,38.494,0.0,0.0,0.0,0.0,0.0,0.0,0.0,0.0,0.0,0.0,0.0,0.0,0.0,0.0,0.0,0.0,0.0,0.0,0.0,0.0,0.0,0.0,18.74332608576,24.921481749204002,0.9876558611039999,2.9398566419759997
61.698,36.511,0.0,0.0,0.0,0.0,3.05331258528,0.0,0.0,0.0,0.0,0.0,0.0,0.0,0.0,0.0,0.0,0.0,0.0,0.0,0.0,0.0,0.0,0.0,0.0,0.0,0.0,0.0
61.0,37.184,0.0,0.0,2.86489848,0.0,0.0,0.0,0.0,0.0,0.0,0.0,0.0,0.0,0.0,0.0,0.0,0.0,0.0,0.0,0.0,0.0,0.0,0.0,0.0,0.0,0.0,0.0
53.743,39.474,0.0,2.36800082376,4.217022719999999,5.119491898080001,0.0,0.813596356272,21.58134481224,16.429728122975998,7.556277057899999,7.4344387896,13.314715900911999,10.115675190191999,5.542989090048,15.338316254159997,9.491289538535998,7.6634075631359995,13.696000386720002,0.0,0.0,0.0,0.0,0.0,0.0,0.0,19.389094319999998,0.0
61.673,36.512,0.0,0.0,0.0,0.0,15.761714852880003,9.538185113352,0.0,0.0,0.0,0.0,0.0,0.0,6.0175833708479995,0.731627706576,0.0,0.0,0.0,0.0,0.0,0.0,0.0,0.0,0.0,0.0,0.0,0.0
61.542,36.402,0.0,0.0,2.9527903483199998,0.0,,0.0,5.2897824,0.0,0.0,5.691823199999999,0.0,0.0,0.0,0.0,3.53937168,0.0,0.0,0.0,0.0,0.0,0.0,0.0,0.0,0.0,0.0,0.0
62.67,37.961,0.0,0.0,0.0,0.0,,0.0,0.0,0.0,0.0,0.0,0.0,0.0,0.0,0.0,0.0,0.0,0.0,0.0,0.0,0.0,0.0,0.0,0.0,0.0,0.0,0.0
61.663,36.522,0.0,0.0,0.0,0.0,0.0,0.0,0.0,0.0,0.0,0.0,0.0,7.453193399999999,0.0,0.0,0.0,0.0,0.0,0.0,0.0,0.0,0.0,0.0,0.0,0.0,0.0,0.0
53.876,39.354,0.0,0.0,0.0,0.0,0.0,0.0,0.0,0.0,0.0,0.0,0.0,0.0,0.0,0.0,0.0,0.0,0.0,0.0,0.0,0.0,0.0,0.0,1.115879338776,0.0,0.0,0.0
54.203,38.51,0.0,0.0,0.0,0.0,0.0,0.0,3.7062734533439996,0.0,0.0,0.0,0.0,0.0,0.0,5.690355122880001,0.0,0.0,0.0,0.0,0.0,0.0,0.0,0.0,0.0,3.4291705699439996,0.0,0.0
54.587,39.046,0.0,0.0,0.0,0.0,0.0,0.0,0.0,0.0,93.3065512002,0.0,0.0,0.0,0.0,0.0,0.0,0.0,0.0,0.0,0.0,0.0,0.0,0.0,0.0,0.0,0.0,0.0
61.28,40.8,0.0,0.0,0.0,0.0,0.0,0.0,0.0,0.0,0.0,0.0,0.0,1.5517857290399997,0.0,0.0,0.0,0.0,0.0,0.0,0.0,0.0,0.0,0.0,0.0,0.0,0.0,0.0
53.638,39.496,0.0,0.0,0.0,0.0,0.0,0.0,0.0,0.0,0.0,0.0,0.0,0.0,0.0,0.0,0.0,0.0,0.0,0.0,0.0,0.0,0.0,0.0,0.0,13.41632067048,3.7541693412,21.796680479999996
62.806,38.097,0.0,0.0,0.0,0.0,0.0,0.0,0.0,0.0,5.105073600000001,0.0,0.0,0.0,0.0,0.0,0.0,0.0,0.0,0.0,0.0,0.0,0.0,0.0,0.0,0.0,0.0,0.0
62.5,37.798,0.0,0.0,0.0,35.57953001232,0.0,0.0,0.0,0.0,0.0,0.0,0.0,0.0,0.0,0.0,0.0,0.0,0.0,0.0,0.0,0.0,0.0,0.0,0.0,0.0,0.0,0.0
62.602,38.585,0.0,0.0,0.0,0.0,0.0,0.0,0.0,0.0,0.0,0.0,0.0,0.0,0.0,0.0,0.0,0.0,0.0,0.0,0.0,0.0,0.0,0.0,7.827209280000001,0.0,0.0,0.0
61.477,36.433,0.0,0.0,8.104939432427999,12.885732032147999,17.06222654712,2.42474778624,29.742048759839996,,8.977771985279999,3.180738665984,13.296974254499997,0.0,0.0,0.0,0.0,19.135697871296,0.0,0.0,0.0,0.0,0.0,0.0,0.0,0.0,0.0,0.0
61.555,36.51,0.0,0.0,0.0,16.807166755956,0.0,0.0,0.0,8.86140702,0.0,0.0,6.1860177599999995,0.0,0.0,0.0,7.0055932296479995,22.42851660672,0.0,0.0,0.0,0.0,0.0,0.0,0.0,0.0,0.0,0.0
61.445,36.484,0.0,0.0,0.0,0.0,0.0,0.0,0.0,0.0,0.0,11.53984830408,0.0,0.0,3.358891892832,0.0,0.0,0.0,0.0,0.0,0.0,0.0,0.0,0.0,0.0,0.0,0.0,0.0
62.636,37.771,0.0,0.0,0.0,0.0,0.0,0.0,0.0,0.0,2.27760288,0.0,0.0,0.0,0.0,0.0,0.0,0.0,0.0,0.0,0.0,0.0,0.0,0.0,0.0,0.0,0.0,0.0
53.899,37.908,0.0,0.0,0.0,0.0,0.0,0.0,0.0,0.0,0.0,0.0,0.0,,0.0,0.0,0.0,0.0,0.0,0.0,0.0,0.0,0.0,0.0,0.0,0.0,0.0,0.0
61.445,36.48,0.0,0.0,0.0,0.0,0.0,0.0,0.0,0.0,0.0,0.0,0.0,0.0,6.916483870463999,0.0,0.0,0.0,0.0,0.0,0.0,0.0,0.0,0.0,0.0,0.0,0.0,0.0
62.84,38.558,0.0,0.0,0.0,0.0,0.0,0.0,0.0,0.0,0.0,0.0,0.0,0.0,0.0,0.0,29.0896476,0.0,0.0,0.0,0.0,0.0,0.0,0.0,0.0,0.0,0.0,0.0
54.349,37.961,0.0,0.0,0.0,0.0,0.0,0.0,0.0,,0.0,0.0,0.0,0.0,0.0,0.0,0.0,0.0,0.0,0.0,0.0,0.0,0.0,0.0,0.0,0.0,0.0,0.0
61.458,36.484,0.0,37.103932678176,0.0,0.0,2.5727326408080002,0.0,0.0,0.0,0.0,0.0,0.0,0.0,0.0,0.0,0.0,0.0,0.0,0.0,0.0,0.0,0.0,0.0,14.91988190112,0.0,0.0,0.0
54.417,38.612,0.0,0.0,0.0,0.0,0.0,0.0,0.0,0.0,8.849019443976,0.0,0.0,0.0,0.0,0.0,0.0,0.0,0.0,0.0,0.0,0.0,0.0,0.0,0.0,0.0,0.0,0.0
62.942,38.694,0.0,0.0,0.0,0.0,0.0,0.0,0.0,0.0,0.0,0.0,0.0,19.87859664,0.0,0.0,0.0,0.0,0.0,0.0,0.0,0.0,0.0,0.0,0.0,0.0,0.0,0.0
61.558,36.41,0.0,0.0,4.902627746015999,0.0,0.0,18.61011936,0.0,0.0,0.0,0.0,1.3580983933439998,0.0,0.0,0.0,18.585367740449996,3.0779508464640006,0.0,0.0,0.0,0.0,0.0,0.0,0.0,0.0,0.0,0.0
62.602,38.26,0.0,0.0,0.0,0.0,0.0,0.0,0.0,0.0,20.95499736,0.0,0.0,0.0,0.0,0.0,0.0,0.0,0.0,0.0,0.0,0.0,0.0,0.0,0.0,0.0,0.0,0.0
53.836,39.372,0.0,0.0,0.0,0.0,0.0,0.0,0.0,0.0,0.0,0.0,0.0,0.0,42.97733175836519,0.0,0.0,0.0,0.0,0.0,0.0,0.0,0.0,0.0,0.0,0.0,0.0,0.0
62.738,38.612,0.0,0.0,0.0,0.0,0.0,0.0,0.0,0.0,0.0,0.0,0.0,0.0,0.0,0.0,0.0,0.0,0.0,0.0,0.0,0.0,0.0,0.0,,0.0,0.0,0.0
53.833,39.393,0.0,0.0,0.0,0.0,0.0,0.0,0.0,0.0,0.0,0.0,0.0,0.0,0.0,4.5561419999999995,0.0,0.0,0.0,0.0,0.0,0.0,0.0,0.0,0.0,0.0,0.0,0.0
53.838,39.392,0.0,0.0,0.0,0.0,0.0,0.0,0.0,2.4643929599999996,0.0,0.0,0.0,0.0,0.0,0.0,0.0,0.0,0.0,0.0,0.0,0.0,0.0,0.0,0.0,0.0,0.0,0.0
61.557,36.411,0.0,0.0,8.868760981811999,0.0,0.0,19.556362559999997,0.0,2.04481152,,6.05006683848,0.0,0.0,0.0,1.5261419999999999,8.160277325615999,7.1305177690656,1.963351512936,0.0,0.0,0.0,0.0,0.0,0.0,0.0,0.0,0.0
54.791,37.609,0.0,0.0,0.0,0.0,0.0,0.0,,0.0,0.0,0.0,0.0,0.0,0.0,0.0,0.0,0.0,0.0,0.0,0.0,0.0,0.0,0.0,0.0,0.0,0.0,0.0
54.198,38.558,0.0,0.0,0.0,0.0,0.0,0.0,0.0,0.0,0.0,0.0,0.0,0.0,0.0,0.0,0.0,3.479984492832,0.0,0.0,0.0,0.0,0.0,0.0,0.0,30.77721524557439,34.184316960252,13.235387854415997
61.315,39.967,0.0,5.86155108132,0.0,0.0,0.0,0.0,0.0,0.0,0.0,0.0,0.0,0.0,0.0,0.0,0.0,0.0,0.0,0.0,0.0,0.0,0.0,0.0,0.0,0.0,0.0,0.0
61.461,36.47,0.0,14.586558461664001,0.0,0.0,0.0,,13.970499839999999,121.77057167999997,,6.2761910904,1.8297582594719999,0.0,4.219380688224001,0.0,0.0,0.0,0.0,0.0,0.0,0.0,0.0,0.0,0.0,0.0,18.44452505232,0.0
61.723,40.048,0.0,4.11887172264,0.0,0.0,0.0,0.0,0.0,0.0,0.0,0.0,0.0,0.0,0.0,0.0,0.0,0.0,0.0,0.0,0.0,0.0,0.0,0.0,0.0,0.0,0.0,0.0
61.28,40.79,0.0,0.0,0.0,0.0,0.0,0.0,0.0,2.743046152704,0.0,0.0,11.104716718079999,0.0,0.0,0.0,5.542036910784001,0.0,0.0,0.0,0.0,0.0,0.0,0.0,0.0,2.6280102492,6.37407648,0.0
54.732,38.721,0.0,0.0,0.0,0.0,96.55968191999999,0.0,0.0,0.0,0.0,0.0,0.0,0.0,0.0,0.0,0.0,0.0,0.0,0.0,0.0,0.0,0.0,0.0,0.0,0.0,0.0,0.0
53.83,39.392,0.0,0.0,0.0,0.0,0.0,0.0,0.0,45.77476980546933,80.46752911050598,106.5968967333,68.81589095982777,112.64916171215455,1.357350767736,0.0,0.0,0.0,0.0,0.0,0.0,0.0,0.0,0.0,0.0,0.0,0.0,0.0
62.602,38.27,0.0,0.0,0.0,0.0,0.0,0.0,0.0,0.0,0.0,0.0,0.0,0.0,0.0,0.0,0.0,0.0,0.0,0.0,0.0,0.0,0.0,0.0,0.0,7.25319576,0.0,0.0
61.0,37.238,0.0,0.0,3.165187400448,0.0,0.0,0.0,0.0,0.0,0.0,0.0,0.0,0.0,0.0,0.0,0.0,0.0,0.0,0.0,0.0,0.0,0.0,0.0,0.0,0.0,0.0,0.0
62.772,38.667,0.0,0.0,0.0,0.0,0.0,0.0,0.0,0.0,,0.0,0.0,0.0,0.0,0.0,0.0,0.0,0.0,0.0,0.0,0.0,0.0,0.0,0.0,0.0,0.0,0.0
62.602,37.527,0.0,0.0,0.0,0.0,0.0,5.598999839999999,0.0,0.0,0.0,0.0,0.0,0.0,0.0,0.0,0.0,0.0,0.0,0.0,0.0,0.0,0.0,0.0,0.0,0.0,0.0,0.0
53.834,39.392,0.0,0.0,0.0,0.0,0.0,0.0,0.0,0.0,2.8488911999999997,0.0,0.0,0.0,0.0,0.0,0.0,0.0,0.0,0.0,0.0,0.0,0.0,0.0,0.0,0.0,0.0,0.0
61.555,36.405,0.0,0.0,0.0,0.0,0.0,0.0,0.0,0.0,0.0,0.0,0.0,0.0,0.0,0.0,6.47800608,0.0,0.0,0.0,0.0,0.0,0.0,0.0,0.0,0.0,0.0,0.0
54.519,39.209,10.660600109328001,0.0,0.0,0.0,0.0,0.0,0.0,0.0,0.0,0.0,0.0,0.0,0.0,0.0,0.0,0.0,0.0,0.0,0.0,0.0,0.0,0.0,0.0,0.0,0.0,0.0
54.757,39.182,0.0,0.0,0.0,0.0,0.0,0.0,1.991194324992,0.0,0.0,0.0,0.0,0.0,0.0,0.0,0.0,0.0,0.0,0.0,0.0,0.0,0.0,0.0,0.0,0.0,0.0,0.0
55.082,45.092,0.0,0.0,0.0,0.0,0.0,0.0,0.0,0.0,0.0,0.0,0.0,0.0,0.0,0.0,0.0,0.0,8.76459024,0.0,0.0,0.0,0.0,0.0,0.0,15.041809822391997,0.0,
61.56,36.402,0.0,0.0,0.0,2.1671119335839997,0.0,0.0,0.0,0.0,0.0,0.0,0.0,0.0,0.0,0.0,8.469286844304,0.0,0.0,0.0,0.0,0.0,0.0,0.0,0.0,0.0,0.0,0.0
62.534,38.314,0.0,0.0,0.0,0.0,0.0,0.0,0.0,0.0,0.0,0.0,0.0,0.0,0.0,3.3924935999999994,0.0,0.0,0.0,0.0,0.0,0.0,0.0,0.0,0.0,0.0,0.0,0.0
62.796,37.69,0.0,0.0,0.0,0.0,0.0,0.0,0.0,0.0,0.0,0.0,3.03768696,0.0,0.0,0.0,0.0,0.0,0.0,0.0,0.0,0.0,0.0,0.0,0.0,0.0,0.0,0.0
53.74,39.477,0.0,0.0,0.0,0.0,0.0,0.0,0.0,0.0,0.0,0.0,0.0,3.77283192,0.0,0.0,0.0,0.0,0.0,0.0,0.0,0.0,0.0,0.0,0.0,0.0,0.0,0.0
54.179,39.725,0.0,0.0,0.0,8.36853351936,0.0,0.0,0.0,0.0,0.0,0.0,0.0,0.0,,0.0,21.952888799999997,0.0,0.0,0.0,0.0,0.0,0.0,0.0,0.0,0.0,0.0,0.0
53.835,39.396,0.0,0.0,0.0,0.0,0.0,0.0,0.0,0.0,0.0,0.0,0.0,0.0,67.94497905815999,10.513965396000001,0.0,2.322142877808,0.0,0.0,0.0,0.0,0.0,0.0,15.763385972639998,9.25496878284,0.0,0.0
54.587,39.426,0.0,0.0,0.0,0.0,0.0,0.0,40.11916608,0.0,0.0,0.0,0.0,0.0,0.0,0.0,0.0,0.0,0.0,0.0,0.0,0.0,0.0,0.0,0.0,0.0,0.0,0.0
53.927,37.717,0.0,0.0,0.0,0.0,0.0,0.0,41.38906453608,0.0,,0.0,1.737654401184,0.0,0.0,0.0,0.0,0.0,0.0,0.0,0.0,0.0,0.0,0.0,0.0,0.0,0.0,0.0
61.417,40.374,66.88125400487999,0.0,0.0,0.0,0.0,0.0,0.0,0.0,0.0,0.0,0.0,0.0,0.0,0.0,0.0,0.0,0.0,0.0,0.0,0.0,0.0,0.0,0.0,0.0,0.0,0.0
62.908,38.568,0.0,0.0,0.0,0.0,0.0,0.0,0.0,0.0,19.3878636,0.0,0.0,0.0,0.0,0.0,0.0,0.0,0.0,0.0,0.0,0.0,0.0,0.0,0.0,0.0,0.0,0.0
63.689,37.907,0.0,0.0,0.0,0.0,0.0,0.0,0.0,0.0,0.0,0.0,0.0,0.0,0.0,0.0,0.0,0.0,0.0,0.0,0.0,0.0,0.0,0.0,0.0,0.0,0.0,
63.281,37.581,0.0,0.0,0.0,0.0,0.0,0.0,0.0,0.0,6.465769439999999,0.0,0.0,0.0,0.0,0.0,0.0,0.0,0.0,0.0,0.0,0.0,0.0,0.0,0.0,0.0,0.0,0.0
61.586,36.521,0.0,0.0,0.0,0.0,0.0,0.0,0.0,0.0,0.0,0.0,1.74744934728,0.0,0.0,0.0,0.0,0.0,0.0,0.0,0.0,0.0,0.0,0.0,0.0,0.0,0.0,0.0
62.612,37.998,0.0,0.0,0.0,0.0,0.0,13.66290576,0.0,0.0,0.0,0.0,0.0,0.0,0.0,0.0,0.0,0.0,0.0,0.0,0.0,0.0,0.0,0.0,0.0,0.0,0.0,0.0
61.305,40.791,9.460724650896,0.0,17.3142637068,12.903160892735999,3.4394289533999993,28.895149789900806,23.206300837469996,7.943715835328,0.0,0.0,0.0,0.0,0.0,0.0,0.0,13.86996514152,6.318850729679999,0.0,0.0,0.0,0.0,0.0,0.0,0.0,0.0,0.0
61.653,36.42,0.0,0.0,0.0,0.0,0.0,0.0,0.0,0.0,0.0,0.0,0.0,2.868207918575999,0.0,0.0,0.0,0.0,0.0,0.0,0.0,0.0,0.0,0.0,2.89793741976,0.0,0.0,0.0
61.295,40.781,0.0,0.0,0.0,0.0,0.0,0.0,0.0,7.051390199999999,0.0,0.0,0.0,0.0,0.0,0.0,0.0,0.0,0.0,0.0,0.0,0.0,0.0,0.0,0.0,0.0,0.0,0.0
61.285,40.8,0.0,0.0,0.0,0.0,0.0,5.561097204767999,0.0,0.0,0.0,0.0,0.0,0.0,0.0,0.0,0.0,0.0,0.0,0.0,0.0,0.0,0.0,0.0,0.0,0.0,0.0,0.0
61.576,36.418,0.0,0.0,6.277940984159999,0.0,0.0,0.0,0.0,0.0,0.0,0.0,0.0,0.0,2.078444982528,0.0,0.0,0.0,0.0,0.0,0.0,0.0,0.0,0.0,0.0,0.0,0.0,0.0
58.136,39.76,13.50947136,0.0,0.0,0.0,0.0,0.0,0.0,0.0,0.0,0.0,0.0,0.0,0.0,0.0,0.0,0.0,0.0,0.0,0.0,0.0,0.0,0.0,0.0,0.0,0.0,0.0
61.461,36.48,0.0,5.418160239072001,0.0,0.0,0.0,0.0,0.0,0.0,0.0,0.0,3.3693505428959996,0.0,0.0,0.0,0.0,0.0,0.0,0.0,0.0,0.0,0.0,0.0,0.0,0.0,0.0,0.0
62.568,38.748,0.0,31.303514879999994,0.0,0.0,0.0,0.0,0.0,0.0,0.0,0.0,0.0,0.0,0.0,0.0,0.0,0.0,0.0,0.0,0.0,0.0,0.0,0.0,0.0,0.0,0.0,0.0
54.621,39.589,0.0,0.0,0.0,0.0,,0.0,0.0,,0.0,0.0,0.0,0.0,0.0,0.0,0.0,0.0,0.0,0.0,0.0,0.0,0.0,0.0,0.0,0.0,0.0,0.0
54.193,38.568,0.0,0.0,0.0,4.622307228672,0.0,0.0,0.0,0.0,0.0,0.0,0.0,0.0,12.39565154256,0.0,0.0,0.0,0.0,0.0,0.0,0.0,0.0,0.0,0.0,0.0,0.0,0.0
53.836,39.38,0.0,4.605639844175999,0.0,0.0,6.400001250239999,0.0,,0.0,6.215245409664,0.0,0.0,10.789802513687997,2.032550709504,38.0622085007904,0.0,0.0,0.0,0.0,0.0,0.0,0.0,0.0,4.04033525148,17.291573163510858,12.004379262719999,0.0
54.145,39.833,0.0,0.0,,0.0,0.0,0.0,0.0,0.0,0.0,0.0,0.0,0.0,0.0,0.0,0.0,0.0,0.0,0.0,0.0,0.0,0.0,0.0,0.0,0.0,0.0,0.0
61.3,40.791,0.0,0.0,0.0,0.0,0.0,0.0,0.0,0.0,35.529812443896,22.676779313056798,30.9365343562176,0.0,16.115966521983083,13.542538127159998,30.039903300203996,2.82006406476,0.0,0.0,0.0,0.0,0.0,0.0,1.300707685056,0.0,0.0,0.0
62.602,37.907,0.0,18.30263424,0.0,0.0,0.0,0.0,0.0,0.0,0.0,0.0,0.0,0.0,0.0,0.0,0.0,0.0,0.0,0.0,0.0,0.0,0.0,0.0,0.0,0.0,0.0,0.0
58.17,40.248,0.0,0.0,2.097106399728,0.0,0.0,0.0,0.0,0.0,0.0,0.0,0.0,0.0,0.0,0.0,0.0,0.0,0.0,0.0,0.0,0.0,0.0,0.0,0.0,0.0,0.0,0.0
61.3,40.82,0.0,0.0,0.0,0.0,0.0,0.0,0.0,0.0,0.0,0.0,0.0,0.0,0.0,0.0,0.0,0.0,3.70510584,0.0,0.0,0.0,0.0,0.0,0.0,0.0,0.0,0.0
61.44,36.475,0.0,0.0,0.0,0.0,0.0,0.0,0.0,0.0,0.0,0.0,0.0,0.0,0.0,2.955380012832,0.0,0.0,0.0,0.0,0.0,0.0,0.0,0.0,0.0,0.0,0.0,0.0
58.951,40.492,0.0,3.521068174848,0.0,0.0,0.0,0.0,0.0,0.0,0.0,0.0,0.0,0.0,0.0,0.0,0.0,0.0,0.0,0.0,0.0,0.0,0.0,0.0,0.0,0.8764972098,0.0,0.0
61.56,36.42,0.0,0.0,0.0,0.0,0.0,0.0,0.0,1.1044598399999999,0.0,0.0,0.0,0.0,0.0,0.0,0.0,0.0,0.0,0.0,0.0,0.0,0.0,0.0,0.0,0.0,0.0,0.0
61.386,36.431,0.0,0.0,0.0,0.0,0.0,0.0,0.0,0.0,0.0,0.0,0.0,0.0,0.0,0.0,0.0,0.0,0.0,0.0,0.0,0.0,0.0,0.0,0.0,0.0,8.393021589527999,0.0
62.636,38.225,0.0,0.0,0.0,0.0,0.0,2.1519264000000002,0.0,0.0,0.0,0.0,0.0,0.0,0.0,0.0,0.0,0.0,0.0,0.0,0.0,0.0,0.0,0.0,0.0,0.0,0.0,0.0
53.84,39.396,0.0,0.0,0.0,0.0,0.0,0.0,0.0,0.0,0.0,0.0,0.0,0.0,9.88414589424,0.0,0.0,0.0,0.0,0.0,0.0,0.0,0.0,0.0,0.0,0.0,0.0,0.0
54.621,37.527,0.0,0.0,0.0,0.0,,0.0,0.0,0.0,0.0,0.0,0.0,0.0,0.0,0.0,0.0,0.0,0.0,0.0,0.0,0.0,0.0,0.0,0.0,0.0,0.0,0.0
53.928,39.343,0.0,0.0,0.0,0.0,0.0,0.0,0.0,10.581911999999999,0.0,0.0,0.0,0.0,0.0,0.0,0.0,0.0,0.0,0.0,0.0,0.0,0.0,0.0,0.0,0.0,0.0,0.0
61.0,37.346,0.0,,0.0,0.0,0.0,0.0,0.0,0.0,0.0,0.0,0.0,0.0,0.0,0.0,0.0,0.0,0.0,0.0,0.0,0.0,0.0,0.0,0.0,0.0,0.0,0.0
61.408,36.397,0.0,0.0,,0.0,0.0,0.0,0.0,0.0,0.0,0.0,0.0,0.0,0.0,0.0,0.0,0.0,0.0,0.0,0.0,0.0,0.0,0.0,0.0,0.0,0.0,0.0
61.55,36.402,0.0,0.0,0.0,0.0,0.0,0.0,0.0,0.0,0.0,6.18311857464,0.0,0.0,0.0,0.0,0.0,2.6528137789919994,0.0,0.0,0.0,0.0,0.0,0.0,0.0,0.0,0.0,0.0
61.458,36.49,0.0,0.0,0.0,0.0,0.0,0.0,7.184457746075998,0.0,0.0,0.0,0.0,0.0,0.0,0.0,0.0,0.0,0.0,0.0,0.0,0.0,0.0,0.0,0.0,0.0,0.0,0.0
54.528,39.204,0.0,4.400080719839999,0.0,0.0,0.0,0.0,0.0,0.0,0.0,0.0,0.0,0.0,0.0,0.0,0.0,0.0,0.0,0.0,0.0,0.0,0.0,0.0,0.0,0.0,0.0,0.0
62.832,38.574,0.0,0.0,0.0,0.0,0.0,0.0,0.0,0.0,16.539014400000003,0.0,0.0,0.0,0.0,0.0,0.0,0.0,0.0,0.0,0.0,0.0,0.0,0.0,0.0,0.0,0.0,0.0
62.715,38.605,0.0,0.0,0.0,0.0,0.0,0.0,0.0,0.0,0.0,0.0,0.0,0.0,0.0,16.9186056,0.0,0.0,0.0,0.0,0.0,0.0,0.0,0.0,0.0,0.0,0.0,0.0
62.908,38.575,0.0,0.0,0.0,0.0,0.0,0.0,0.0,0.0,28.504513799999994,0.0,0.0,0.0,0.0,0.0,0.0,0.0,0.0,0.0,0.0,0.0,0.0,0.0,0.0,0.0,0.0,0.0
53.836,39.376,0.0,8.318681279999998,0.0,0.0,0.0,0.0,0.0,0.0,0.0,0.0,0.0,0.0,0.0,0.0,0.0,0.0,0.0,0.0,0.0,0.0,0.0,0.0,0.0,0.0,0.0,0.0
61.653,36.477,0.0,0.0,0.0,0.0,0.0,0.0,0.0,0.0,0.0,0.0,37.40100270815999,0.0,0.0,0.0,0.0,0.0,0.0,0.0,0.0,0.0,0.0,0.0,0.0,0.0,0.0,0.0
62.738,37.663,0.0,0.0,0.0,0.0,0.0,0.0,0.0,0.0,0.0,0.0,0.0,0.0,3.1424713200000003,0.0,0.0,0.0,0.0,0.0,0.0,0.0,0.0,0.0,0.0,0.0,0.0,0.0
62.5,38.721,9.487485853344,0.0,0.0,0.0,0.0,0.0,0.0,0.0,0.0,0.0,0.0,0.0,0.0,0.0,0.0,0.0,0.0,0.0,0.0,0.0,0.0,0.0,0.0,0.0,0.0,0.0
61.0,37.401,0.0,0.0,,0.0,0.0,0.0,0.0,0.0,0.0,0.0,0.0,0.0,0.0,0.0,0.0,0.0,0.0,0.0,0.0,0.0,0.0,0.0,0.0,0.0,0.0,0.0
63.01,38.341,0.0,0.0,0.0,0.0,0.0,0.0,0.0,0.0,0.0,0.0,,0.0,0.0,0.0,0.0,0.0,0.0,0.0,0.0,0.0,0.0,0.0,0.0,0.0,0.0,0.0
58.883,40.438,0.0,6.72683008128,0.0,0.0,0.0,0.0,0.0,0.0,0.0,0.0,0.0,0.0,0.0,0.0,0.0,0.0,0.0,0.0,0.0,0.0,0.0,0.0,0.0,0.0,0.0,0.0
62.772,38.558,0.0,0.0,0.0,0.0,0.0,7.556747519999999,0.0,0.0,0.0,0.0,0.0,0.0,0.0,0.0,0.0,0.0,0.0,0.0,0.0,0.0,0.0,0.0,0.0,0.0,0.0,0.0
62.874,38.558,0.0,0.0,0.0,0.0,0.0,0.0,0.0,0.0,0.0,0.0,,0.0,0.0,0.0,0.0,0.0,0.0,0.0,0.0,0.0,0.0,0.0,0.0,0.0,0.0,0.0
62.772,38.597,0.0,0.0,0.0,0.0,0.0,0.0,0.0,0.0,0.0,0.0,25.297208639999997,0.0,0.0,0.0,0.0,0.0,0.0,0.0,0.0,0.0,0.0,0.0,0.0,0.0,0.0,0.0
61.3,40.81,0.0,0.0,0.0,0.0,0.0,0.0,0.0,0.0,0.0,0.0,0.0,0.5663366390160001,0.0,0.0,0.0,0.0,0.0,0.0,0.0,0.0,0.0,0.0,0.0,0.0,0.0,0.0
62.568,38.341,0.0,0.0,0.0,0.0,0.0,0.0,0.0,0.0,0.0,0.0,0.0,0.0,0.0,2.317224,0.0,0.0,0.0,0.0,0.0,0.0,0.0,0.0,0.0,0.0,0.0,0.0
62.84,38.585,0.0,0.0,0.0,0.0,0.0,0.0,0.0,0.0,0.0,0.0,0.0,0.0,0.0,0.0,7.127543279999999,0.0,0.0,0.0,0.0,0.0,0.0,0.0,0.0,0.0,0.0,0.0
61.281,40.781,0.0,29.803702726399997,5.586072898992,55.76793527210399,0.0,7.440451192152,6.063159804695999,22.00554098472,0.0,3.0964656337919996,13.587263235167999,0.0,0.0,0.0,10.171934971247998,0.0,0.0,0.0,0.0,0.0,0.0,0.0,0.0,0.0,0.0,0.0
61.386,36.421,0.0,0.0,0.0,2.944459290864,10.273088995488001,0.0,9.2166661584,9.935923658399998,0.0,21.375970748879997,0.0,2.269353571296,9.20796179328,28.575710318400002,0.0,12.295722706559998,0.0,0.0,0.0,0.0,0.0,0.0,0.0,3.838039852608,40.03562520432,0.0
62.615,38.26,0.0,0.0,0.0,0.0,1.08016656,0.0,0.0,0.0,0.0,0.0,0.0,0.0,0.0,0.0,0.0,0.0,0.0,0.0,0.0,0.0,0.0,0.0,0.0,0.0,0.0,0.0
54.169,38.097,0.0,0.0,0.0,0.0,0.0,0.0,0.0,1.5905548799999998,0.0,0.0,0.0,0.0,0.0,0.0,0.0,0.0,0.0,0.0,0.0,0.0,0.0,0.0,0.0,0.0,0.0,0.0
61.539,36.513,0.0,,0.0,0.0,,0.0,0.0,0.0,6.311442127199999,3.086425254096,0.0,0.0,0.0,0.0,0.0,0.0,0.0,0.0,0.0,0.0,0.0,0.0,0.0,0.0,0.0,0.0
62.5,38.395,5.44706448,0.0,0.0,0.0,0.0,0.0,0.0,0.0,0.0,0.0,0.0,0.0,0.0,0.0,0.0,0.0,0.0,0.0,0.0,0.0,0.0,0.0,0.0,0.0,0.0,0.0
60.738,40.917,0.0,1.214747964,0.0,0.0,0.0,0.0,0.0,0.0,0.0,0.0,0.0,0.0,0.0,0.0,0.0,0.0,0.0,0.0,0.0,0.0,0.0,0.0,0.0,0.0,0.0,0.0
62.655,38.15,0.0,0.0,0.0,0.0,0.0,0.0,0.0,0.0,0.0,0.0,0.0,0.0,0.0,0.0,0.0,0.0,0.0,0.0,0.0,0.0,0.0,0.0,0.0,0.0,8.6815896,0.0
61.538,36.574,0.0,0.0,0.0,0.0,6.33951381888,0.0,0.0,0.0,0.0,0.0,0.0,0.0,0.0,0.0,0.0,0.0,0.0,0.0,0.0,0.0,0.0,0.0,0.0,0.0,0.0,0.0
54.179,39.453,0.0,0.0,0.0,0.0,0.0,0.0,0.0,,0.0,0.0,0.0,0.0,0.0,0.0,0.0,0.0,0.0,0.0,0.0,0.0,0.0,0.0,0.0,0.0,0.0,0.0
54.193,38.558,0.0,0.0,0.0,0.0,0.0,0.0,0.0,0.0,0.0,0.0,0.0,0.0,0.0,0.0,0.0,0.0,0.0,0.0,0.0,0.0,0.0,0.0,0.0,0.0,0.0,3.6776787093600003
61.621,36.475,0.0,0.0,0.0,0.0,0.0,0.0,0.0,0.0,0.0,72.85207103999998,0.0,0.0,0.0,0.0,0.0,0.0,0.0,0.0,0.0,0.0,0.0,0.0,0.0,0.0,0.0,0.0
63.686,37.82,0.0,0.0,0.0,0.0,0.0,0.0,0.0,0.0,11.572441920000001,0.0,9.597275519999998,0.0,0.0,0.0,0.0,0.0,0.0,0.0,0.0,0.0,0.0,0.0,0.0,0.0,0.0,0.0
61.545,36.405,0.0,0.0,3.07874030112,0.0,,0.0,0.0,0.0,0.0,0.0,0.0,0.0,0.0,0.0,0.0,0.0,0.0,0.0,0.0,0.0,0.0,0.0,0.0,0.0,0.0,0.0
61.3,40.79,0.0,0.0,0.0,0.0,0.0,2.4427684994399996,0.0,0.0,0.0,0.0,0.0,0.0,0.0,0.0,0.0,0.0,0.0,0.0,0.0,0.0,0.0,0.0,0.0,0.0,0.0,0.0
61.455,36.48,0.0,12.876822268800002,0.0,0.0,0.0,0.0,0.0,0.0,0.0,0.0,0.0,0.0,0.0,0.0,2.8249232371199997,0.0,0.0,0.0,0.0,0.0,0.0,0.0,0.0,0.0,0.0,0.0
54.044,39.101,0.0,0.0,0.0,,0.0,0.0,0.0,0.0,0.0,0.0,0.0,0.0,0.0,0.0,0.0,0.0,0.0,0.0,0.0,0.0,0.0,0.0,0.0,0.0,0.0,0.0
54.451,37.663,0.0,0.0,0.0,0.0,0.0,0.0,0.0,0.0,,0.0,0.0,0.0,0.0,0.0,0.0,0.0,0.0,0.0,0.0,0.0,0.0,0.0,0.0,0.0,0.0,0.0
61.275,40.781,0.0,0.0,0.0,0.0,0.0,0.0,0.0,0.0,0.0,0.0,0.0,4.292110787328,0.0,0.0,0.0,0.0,0.0,0.0,0.0,0.0,0.0,0.0,0.0,0.0,0.0,0.0
61.57,36.565,0.0,0.0,0.0,0.0,10.062941140800001,0.0,0.0,0.0,0.0,0.0,0.0,0.0,0.0,,0.0,0.0,0.0,0.0,0.0,0.0,0.0,0.0,0.0,34.943763067199995,71.87783514552,0.0
53.704,39.725,0.0,0.0,4.66965503136,0.0,0.0,0.0,0.0,0.0,0.0,0.0,0.0,0.0,0.0,0.0,0.0,0.0,0.0,0.0,0.0,0.0,0.0,0.0,0.0,0.0,0.0,0.0
53.828,39.392,0.0,0.0,0.0,0.0,0.0,6.84989757096,18.028077668773715,7.468867157964799,0.0,0.0,0.0,0.0,0.0,0.0,0.0,0.0,0.0,0.0,0.0,0.0,0.0,0.0,0.0,0.0,0.0,0.0
61.586,36.428,0.0,0.0,0.0,0.0,0.0,0.0,0.0,0.0,0.0,0.0,0.0,0.0,0.0,0.0,0.0,0.0,0.0,0.0,0.0,0.0,0.0,0.0,0.0,0.0,22.78387480704,0.0
53.828,39.386,0.0,0.0,0.0,5.896088491104,12.109759277616,19.193458623008,12.6319810038432,0.0,0.0,0.0,0.0,0.0,0.0,0.0,0.0,0.0,0.0,0.0,0.0,0.0,0.0,0.0,0.0,0.0,0.0,0.0
63.325,37.717,0.0,0.0,49.318549919999995,0.0,0.0,0.0,0.0,0.0,0.0,0.0,0.0,0.0,0.0,0.0,0.0,0.0,0.0,0.0,0.0,0.0,0.0,0.0,0.0,0.0,0.0,0.0
59.087,39.868,0.0,0.0,0.0,2.51970263928,0.0,0.0,0.0,0.0,0.0,0.0,0.0,0.0,0.0,0.0,0.0,0.0,0.0,0.0,0.0,0.0,0.0,0.0,0.0,0.0,0.0,0.0
54.621,38.3,0.0,0.0,0.0,0.0,0.0,6.4094175600000005,0.0,0.0,0.0,0.0,0.0,0.0,0.0,0.0,0.0,0.0,0.0,0.0,0.0,0.0,0.0,0.0,0.0,0.0,0.0,0.0
54.179,37.961,0.0,0.0,0.0,0.0,0.0,0.0,0.0,0.0,14.54038059552,0.0,0.0,0.0,0.0,0.0,0.0,0.0,0.0,0.0,0.0,0.0,0.0,0.0,0.0,0.0,0.0,0.0
54.791,39.155,0.0,0.0,0.0,0.0,0.0,0.0,0.0,0.0,4.51518432,0.0,0.0,0.0,0.0,0.0,0.0,0.0,0.0,0.0,0.0,0.0,0.0,0.0,0.0,0.0,0.0,0.0
61.305,40.788,0.0,0.0,0.0,0.0,0.0,0.0,0.0,2.1782807999999996,0.0,0.0,0.0,0.0,0.0,0.0,0.0,0.0,0.0,0.0,0.0,0.0,0.0,0.0,0.0,0.0,0.0,0.0
61.414,36.456,0.0,1.3236385330559999,0.0,0.0,,0.0,0.0,0.0,8.3310615792,0.0,0.0,0.0,0.0,0.0,0.0,0.0,0.0,0.0,0.0,0.0,0.0,0.0,0.0,0.0,15.7481085192,0.0
54.213,37.636,4.1277756841776005,0.0,0.0,0.0,0.0,0.0,0.0,0.0,0.0,0.0,0.0,0.0,0.0,0.0,0.0,0.0,0.0,0.0,0.0,0.0,0.0,0.0,0.0,0.0,0.0,0.0
